Sucursales ;Desembolsos (RD$);Cobros (RD$);Mes;Ańo
Santo Domingo; 110,728,619 ; 27,750,661 ;Enero;2025
El Seibo; 12,166,484 ; 24,338,789 ;Enero;2025
Higüey; 21,037,060 ; 38,900,495 ;Enero;2025
Hato Mayor; 34,604,147 ; 24,290,500 ;Enero;2025
Monte Plata; 25,003,141 ; 34,839,291 ;Enero;2025
Azua; 12,866,723 ; 24,802,894 ;Enero;2025
Baní; 18,425,206 ; 38,551,852 ;Enero;2025
Neyba; 10,247,464 ; 26,072,739 ;Enero;2025
Barahona; 11,200,008 ; 15,402,647 ;Enero;2025
San Juan de la Maguana ; 68,217,047 ; 39,536,368 ;Enero;2025
Comendador; 12,121,917 ; 17,177,097 ;Enero;2025
Nagua; 67,400,939 ; 38,054,419 ;Enero;2025
Arenoso; 132,281,631 ; 29,601,344 ;Enero;2025
Samaná; 13,613,619 ; 13,224,647 ;Enero;2025
Río San Juan; 25,063,372 ; 42,989,980 ;Enero;2025
Villa Riva; 88,039,628 ; 22,603,243 ;Enero;2025
San Francisco de Macorís; 309,038,537 ; 108,534,403 ;Enero;2025
Santiago; 149,837,953 ; 170,369,546 ;Enero;2025
Moca; 61,298,967 ; 49,438,513 ;Enero;2025
San José de las Matas; 16,111,729 ; 16,264,200 ;Enero;2025
Constanza; 171,683,138 ; 191,051,322 ;Enero;2025
La Vega; 187,773,944 ; 77,781,554 ;Enero;2025
Santiago Rodríguez; 28,082,698 ; 29,181,471 ;Enero;2025
Montecristi; 43,112,093 ; 28,290,227 ;Enero;2025
Puerto Plata; 48,938,189 ; 40,268,593 ;Enero;2025
Mao Valverde ; 87,091,034 ; 72,479,298 ;Enero;2025
Dajabón; 37,417,660 ; 26,429,963 ;Enero;2025
San José de Ocoa; 60,291,484 ; 65,328,791 ;Enero;2025
Bonao; 110,444,807 ; 112,996,590 ;Enero;2025
San Cristóbal; 8,162,968 ; 32,203,905 ;Enero;2025
Salcedo; 20,476,528 ; 163,370,090 ;Enero;2025
Cotuí; 81,945,652 ; 56,005,536 ;Enero;2025
Santo Domingo; 101,220,574 ; 190,372,065 ;Febrero;2025
El Seibo; 6,714,662 ; 19,409,911 ;Febrero;2025
Higüey; 8,207,758 ; 37,658,347 ;Febrero;2025
Hato Mayor; 25,905,774 ; 51,524,620 ;Febrero;2025
Monte Plata; 42,960,364 ; 49,698,757 ;Febrero;2025
Azua; 18,233,272 ; 21,224,122 ;Febrero;2025
Baní; 81,568,939 ; 48,536,412 ;Febrero;2025
Neyba; 8,262,505 ; 20,043,610 ;Febrero;2025
Barahona; 14,104,548 ; 13,669,029 ;Febrero;2025
San Juan de la Maguana ; 25,558,574 ; 45,779,508 ;Febrero;2025
Comendador; 13,884,599 ; 18,261,947 ;Febrero;2025
Nagua; 70,733,691 ; 66,146,861 ;Febrero;2025
Arenoso; 83,336,293 ; 18,465,900 ;Febrero;2025
Samaná; 12,058,720 ; 22,396,935 ;Febrero;2025
Río San Juan; 31,595,347 ; 19,818,811 ;Febrero;2025
Villa Riva; 37,930,427 ; 14,747,147 ;Febrero;2025
San Francisco de Macorís; 240,347,219 ; 243,382,541 ;Febrero;2025
Santiago; 54,924,719 ; 63,660,958 ;Febrero;2025
Moca; 38,265,018 ; 53,109,835 ;Febrero;2025
San José de las Matas; 22,838,272 ; 19,646,075 ;Febrero;2025
Constanza; 207,338,112 ; 173,377,951 ;Febrero;2025
La Vega; 48,762,307 ; 103,542,468 ;Febrero;2025
Santiago Rodríguez; 37,743,119 ; 27,155,989 ;Febrero;2025
Montecristi; 33,558,779 ; 38,245,161 ;Febrero;2025
Puerto Plata; 40,153,931 ; 42,838,012 ;Febrero;2025
Mao Valverde ; 49,722,254 ; 122,979,460 ;Febrero;2025
Dajabón; 19,779,074 ; 20,303,721 ;Febrero;2025
San José de Ocoa; 53,499,161 ; 77,042,387 ;Febrero;2025
Bonao; 17,521,931 ; 37,108,195 ;Febrero;2025
San Cristóbal; 7,997,254 ; 20,587,516 ;Febrero;2025
Salcedo; 25,245,778 ; 22,582,952 ;Febrero;2025
Cotuí; 40,916,096 ; 80,085,134 ;Febrero;2025
Santo Domingo; 315,960,152 ; 381,921,386 ;Marzo;2025
El Seibo; 25,323,131 ; 27,427,219 ;Marzo;2025
Higüey; 102,434,014 ; 73,702,413 ;Marzo;2025
Hato Mayor; 42,201,996 ; 68,537,411 ;Marzo;2025
Monte Plata; 20,069,291 ; 41,608,476 ;Marzo;2025
Azua; 19,467,636 ; 24,946,615 ;Marzo;2025
Baní; 50,966,814 ; 38,667,347 ;Marzo;2025
Neyba; 18,949,609 ; 15,579,733 ;Marzo;2025
Barahona; 8,557,363 ; 25,821,696 ;Marzo;2025
San Juan de la Maguana ; 61,935,910 ; 102,569,714 ;Marzo;2025
Comendador; 17,050,280 ; 17,304,924 ;Marzo;2025
Nagua; 22,181,000 ; 28,534,175 ;Marzo;2025
Arenoso; 22,904,179 ; 11,541,839 ;Marzo;2025
Samaná; 15,830,883 ; 19,933,715 ;Marzo;2025
Río San Juan; 16,030,320 ; 29,399,656 ;Marzo;2025
Villa Riva; 15,264,910 ; 32,176,652 ;Marzo;2025
San Francisco de Macorís; 86,920,400 ; 73,499,090 ;Marzo;2025
Santiago; 74,827,880 ; 65,684,130 ;Marzo;2025
Moca; 81,705,810 ; 107,967,673 ;Marzo;2025
San José de las Matas; 16,447,070 ; 13,880,410 ;Marzo;2025
Constanza; 334,179,961 ; 264,185,856 ;Marzo;2025
La Vega; 88,346,565 ; 106,952,194 ;Marzo;2025
Santiago Rodríguez; 50,018,647 ; 48,752,846 ;Marzo;2025
Montecristi; 56,640,253 ; 102,988,909 ;Marzo;2025
Puerto Plata; 51,405,152 ; 52,446,612 ;Marzo;2025
Mao Valverde ; 71,496,938 ; 90,316,618 ;Marzo;2025
Dajabón; 25,183,348 ; 23,683,841 ;Marzo;2025
San José de Ocoa; 22,888,812 ; 79,082,406 ;Marzo;2025
Bonao; 47,175,955 ; 31,531,128 ;Marzo;2025
San Cristóbal; 22,364,487 ; 14,360,853 ;Marzo;2025
Salcedo; 24,749,419 ; 19,305,991 ;Marzo;2025
Cotuí; 68,283,742 ; 61,918,527 ;Marzo;2025
Santo Domingo; 314,482,504 ; 349,477,848 ;Abril;2025
El Seibo; 23,404,391 ; 29,280,723 ;Abril;2025
Higüey; 62,269,879 ; 44,398,053 ;Abril;2025
Hato Mayor; 29,360,305 ; 84,447,311 ;Abril;2025
Monte Plata; 24,496,648 ; 41,523,138 ;Abril;2025
Azua; 11,411,596 ; 32,544,795 ;Abril;2025
Baní; 21,618,861 ; 35,790,458 ;Abril;2025
Neyba; 4,876,731 ; 15,866,501 ;Abril;2025
Barahona; 9,572,644 ; 9,655,282 ;Abril;2025
San Juan de la Maguana ; 44,919,287 ; 34,161,881 ;Abril;2025
Comendador; 11,146,867 ; 11,556,129 ;Abril;2025
Nagua; 88,757,521 ; 122,094,817 ;Abril;2025
Arenoso; 37,524,686 ; 105,151,003 ;Abril;2025
Samaná; 12,557,939 ; 16,370,623 ;Abril;2025
Río San Juan; 24,675,121 ; 22,849,817 ;Abril;2025
Villa Riva; 19,410,627 ; 85,447,367 ;Abril;2025
San Francisco de Macorís; 199,269,974 ; 102,565,202 ;Abril;2025
Santiago; 164,065,569 ; 162,465,082 ;Abril;2025
Moca; 63,071,466 ; 52,395,953 ;Abril;2025
San José de las Matas; 16,287,065 ; 16,972,948 ;Abril;2025
Constanza; 268,095,068 ; 261,508,867 ;Abril;2025
La Vega; 297,665,874 ; 364,881,577 ;Abril;2025
Santiago Rodríguez; 15,606,489 ; 58,226,089 ;Abril;2025
Montecristi; 202,662,237 ; 98,074,325 ;Abril;2025
Puerto Plata; 32,999,766 ; 57,069,602 ;Abril;2025
Mao Valverde ; 145,046,006 ; 117,258,173 ;Abril;2025
Dajabón; 21,396,890 ; 25,762,265 ;Abril;2025
San José de Ocoa; 98,957,269 ; 190,173,260 ;Abril;2025
Bonao; 20,839,498 ; 14,233,909 ;Abril;2025
San Cristóbal; 7,551,337 ; 12,779,749 ;Abril;2025
Salcedo; 18,714,010 ; 23,376,238 ;Abril;2025
Cotuí; 48,345,893 ; 40,883,099 ;Abril;2025
Santo Domingo; 329,768,961 ; 305,369,805 ;Mayo;2025
El Seibo; 89,465,473 ; 31,784,147 ;Mayo;2025
Higüey; 16,928,176 ; 48,636,092 ;Mayo;2025
Hato Mayor; 32,885,592 ; 34,740,632 ;Mayo;2025
Monte Plata; 40,679,180 ; 52,557,900 ;Mayo;2025
Azua; 17,160,083 ; 32,663,800 ;Mayo;2025
Baní; 64,789,606 ; 41,495,900 ;Mayo;2025
Neyba; 11,356,281 ; 18,529,867 ;Mayo;2025
Barahona; 12,114,946 ; 17,136,653 ;Mayo;2025
San Juan de la Maguana ; 49,539,890 ; 93,484,592 ;Mayo;2025
Comendador; 14,148,171 ; 13,875,059 ;Mayo;2025
Nagua; 31,901,889 ; 92,410,509 ;Mayo;2025
Arenoso; 79,036,522 ; 180,887,294 ;Mayo;2025
Samaná; 19,759,491 ; 17,617,594 ;Mayo;2025
Río San Juan; 64,821,706 ; 99,230,222 ;Mayo;2025
Villa Riva; 34,451,040 ; 65,782,541 ;Mayo;2025
San Francisco de Macorís; 94,220,624 ; 125,392,837 ;Mayo;2025
Santiago; 162,999,886 ; 186,580,064 ;Mayo;2025
Moca; 34,918,368 ; 52,426,763 ;Mayo;2025
San José de las Matas; 29,948,903 ; 13,696,047 ;Mayo;2025
Constanza; 111,026,652 ; 126,143,612 ;Mayo;2025
La Vega; 256,866,835 ; 155,498,901 ;Mayo;2025
Santiago Rodríguez; 13,226,911 ; 22,134,227 ;Mayo;2025
Montecristi; 106,523,604 ; 56,571,663 ;Mayo;2025
Puerto Plata; 55,843,256 ; 51,852,306 ;Mayo;2025
Mao Valverde ; 358,460,115 ; 181,867,094 ;Mayo;2025
Dajabón; 24,832,103 ; 31,455,227 ;Mayo;2025
San José de Ocoa; 99,596,806 ; 105,169,985 ;Mayo;2025
Bonao; 43,839,658 ; 33,091,574 ;Mayo;2025
San Cristóbal; 13,516,734 ; 13,210,991 ;Mayo;2025
Salcedo; 87,829,761 ; 79,890,651 ;Mayo;2025
Cotuí; 239,705,806 ; 118,828,917 ;Mayo;2025
Santo Domingo; 214,479,808 ; 261,943,588 ;Junio;2025
El Seibo; 13,259,622 ; 54,142,355 ;Junio;2025
Higüey; 30,716,571 ; 31,483,501 ;Junio;2025
Hato Mayor; 31,823,450 ; 50,982,290 ;Junio;2025
Monte Plata; 31,604,121 ; 65,401,677 ;Junio;2025
Azua; 22,532,843 ; 26,700,600 ;Junio;2025
Baní; 27,400,158 ; 34,214,258 ;Junio;2025
Neyba; 11,932,836 ; 14,228,396 ;Junio;2025
Barahona; 19,026,939 ; 16,962,113 ;Junio;2025
San Juan de la Maguana ; 45,524,643 ; 50,633,675 ;Junio;2025
Comendador; 14,223,745 ; 11,337,913 ;Junio;2025
Nagua; 80,970,740 ; 80,586,997 ;Junio;2025
Arenoso; 118,806,470 ; 102,407,577 ;Junio;2025
Samaná; 17,124,952 ; 18,603,586 ;Junio;2025
Río San Juan; 40,942,222 ; 31,038,168 ;Junio;2025
Villa Riva; 30,024,779 ; 38,631,577 ;Junio;2025
San Francisco de Macorís; 147,219,741 ; 144,314,713 ;Junio;2025
Santiago; 115,355,978 ; 119,576,183 ;Junio;2025
Moca; 78,326,138 ; 92,984,785 ;Junio;2025
San José de las Matas; 28,603,126 ; 16,205,841 ;Junio;2025
Constanza; 70,329,219 ; 104,863,780 ;Junio;2025
La Vega; 232,232,200 ; 135,625,573 ;Junio;2025
Santiago Rodríguez; 14,611,789 ; 24,171,441 ;Junio;2025
Montecristi; 64,562,416 ; 61,465,698 ;Junio;2025
Puerto Plata; 33,352,350 ; 46,990,787 ;Junio;2025
Mao Valverde ; 73,220,324 ; 81,977,694 ;Junio;2025
Dajabón; 22,257,097 ; 31,032,966 ;Junio;2025
San José de Ocoa; 75,050,041 ; 64,840,627 ;Junio;2025
Bonao; 71,213,041 ; 86,066,434 ;Junio;2025
San Cristóbal; 8,949,507 ; 16,314,329 ;Junio;2025
Salcedo; 43,239,703 ; 73,358,074 ;Junio;2025
Cotuí; 72,526,223 ; 70,025,371 ;Junio;2025
Santo Domingo; 119,207,063 ; 301,859,917 ;Julio;2025
El Seibo; 44,327,893 ; 18,141,004 ;Julio;2025
Higüey; 35,229,987 ; 45,182,277 ;Julio;2025
Hato Mayor; 27,366,678 ; 29,284,885 ;Julio;2025
Monte Plata; 142,394,042 ; 39,594,278 ;Julio;2025
Azua; 95,670,816 ; 44,592,827 ;Julio;2025
Baní; 44,489,524 ; 36,601,005 ;Julio;2025
Neyba; 12,750,435 ; 13,437,421 ;Julio;2025
Barahona; 9,690,650 ; 56,657,879 ;Julio;2025
San Juan de la Maguana ; 116,643,737 ; 43,818,688 ;Julio;2025
Comendador; 30,952,112 ; 22,176,508 ;Julio;2025
Nagua; 94,984,500 ; 37,217,117 ;Julio;2025
Arenoso; 86,403,380 ; 31,111,643 ;Julio;2025
Samaná; 21,314,115 ; 19,111,855 ;Julio;2025
Río San Juan; 43,489,247 ; 70,276,834 ;Julio;2025
Villa Riva; 48,829,578 ; 74,561,896 ;Julio;2025
San Francisco de Macorís; 114,454,443 ; 86,384,502 ;Julio;2025
Santiago; 188,164,898 ; 192,698,315 ;Julio;2025
Moca; 56,245,731 ; 46,378,000 ;Julio;2025
San José de las Matas; 25,188,095 ; 15,483,993 ;Julio;2025
Constanza; 55,508,053 ; 81,029,701 ;Julio;2025
La Vega; 205,597,618 ; 159,076,821 ;Julio;2025
Santiago Rodríguez; 25,120,570 ; 31,271,227 ;Julio;2025
Montecristi; 79,180,942 ; 47,272,581 ;Julio;2025
Puerto Plata; 52,994,084 ; 57,708,197 ;Julio;2025
Mao Valverde ; 192,169,321 ; 158,379,732 ;Julio;2025
Dajabón; 33,576,284 ; 31,979,777 ;Julio;2025
San José de Ocoa; 176,944,898 ; 140,585,056 ;Julio;2025
Bonao; 49,681,283 ; 35,891,084 ;Julio;2025
San Cristóbal; 20,240,162 ; 27,593,752 ;Julio;2025
Salcedo; 23,012,572 ; 23,561,326 ;Julio;2025
Cotuí; 189,652,992 ; 173,110,359 ;Julio;2025
Santo Domingo; 218,796,163 ; 169,232,408 ;Agosto;2025
El Seibo; 9,995,161 ; 31,515,679 ;Agosto;2025
Higüey; 15,704,632 ; 43,914,335 ;Agosto;2025
Hato Mayor; 175,190,839 ; 170,436,666 ;Agosto;2025
Monte Plata; 49,458,342 ; 91,692,823 ;Agosto;2025
Azua; 126,288,571 ; 100,241,746 ;Agosto;2025
Baní; 209,427,274 ; 72,787,212 ;Agosto;2025
Neyba; 8,269,751 ; 12,690,321 ;Agosto;2025
Barahona; 9,184,403 ; 14,418,238 ;Agosto;2025
San Juan de la Maguana ; 136,393,153 ; 24,276,270 ;Agosto;2025
Comendador; 13,929,240 ; 13,876,307 ;Agosto;2025
Nagua; 25,090,400 ; 29,355,512 ;Agosto;2025
Arenoso; 29,438,452 ; 51,652,292 ;Agosto;2025
Samaná; 17,237,654 ; 10,962,382 ;Agosto;2025
Río San Juan; 24,769,870 ; 21,986,136 ;Agosto;2025
Villa Riva; 114,748,777 ; 143,066,513 ;Agosto;2025
San Francisco de Macorís; 40,804,764 ; 122,150,108 ;Agosto;2025
Santiago; 102,150,915 ; 120,661,946 ;Agosto;2025
Moca; 31,713,197 ; 51,102,886 ;Agosto;2025
San José de las Matas; 18,880,916 ; 12,463,188 ;Agosto;2025
Constanza; 70,236,718 ; 36,585,450 ;Agosto;2025
La Vega; 301,418,694 ; 179,832,368 ;Agosto;2025
Santiago Rodríguez; 16,919,294 ; 31,791,362 ;Agosto;2025
Montecristi; 79,974,668 ; 65,381,465 ;Agosto;2025
Puerto Plata; 28,791,166 ; 33,590,226 ;Agosto;2025
Mao Valverde ; 197,654,806 ; 156,082,850 ;Agosto;2025
Dajabón; 33,253,742 ; 20,603,442 ;Agosto;2025
San José de Ocoa; 90,152,543 ; 76,245,748 ;Agosto;2025
Bonao; 35,131,485 ; 36,255,543 ;Agosto;2025
San Cristóbal; 18,923,673 ; 14,442,605 ;Agosto;2025
Salcedo; 11,173,903 ; 29,754,066 ;Agosto;2025
Cotuí; 57,492,755 ; 44,961,840 ;Agosto;2025
Santo Domingo; 141,176,537 ; 30,989,206 ;Septiembre;2025
El Seibo; 10,346,511 ; 40,111,576 ;Septiembre;2025
Higüey; 12,488,574 ; 29,658,817 ;Septiembre;2025
Hato Mayor; 8,497,924 ; 22,159,464 ;Septiembre;2025
Monte Plata; 45,659,714 ; 50,282,863 ;Septiembre;2025
Azua; 19,874,766 ; 12,250,515 ;Septiembre;2025
Baní; 60,441,669 ; 55,437,601 ;Septiembre;2025
Neyba; 15,048,780 ; 16,702,313 ;Septiembre;2025
Barahona; 5,325,948 ; 13,689,094 ;Septiembre;2025
San Juan de la Maguana ; 23,827,838 ; 18,587,591 ;Septiembre;2025
Comendador; 17,636,299 ; 8,665,331 ;Septiembre;2025
Nagua; 77,842,800 ; 87,588,029 ;Septiembre;2025
Arenoso; 9,817,801 ; 58,185,304 ;Septiembre;2025
Samaná; 11,337,238 ; 16,626,290 ;Septiembre;2025
Río San Juan; 14,256,315 ; 29,716,968 ;Septiembre;2025
Villa Riva; 18,841,963 ; 32,989,042 ;Septiembre;2025
San Francisco de Macorís; 90,690,828 ; 143,889,255 ;Septiembre;2025
Santiago; 69,479,364 ; 117,817,136 ;Septiembre;2025
Moca; 156,576,040 ; 181,563,981 ;Septiembre;2025
San José de las Matas; 64,540,743 ; 12,525,368 ;Septiembre;2025
Constanza; 91,073,064 ; 65,727,280 ;Septiembre;2025
La Vega; 208,781,996 ; 139,979,750 ;Septiembre;2025
Santiago Rodríguez; 22,359,556 ; 29,646,999 ;Septiembre;2025
Montecristi; 19,200,608 ; 54,570,214 ;Septiembre;2025
Puerto Plata; 35,563,547 ; 33,691,245 ;Septiembre;2025
Mao Valverde ; 165,381,855 ; 148,916,836 ;Septiembre;2025
Dajabón; 19,911,387 ; 16,989,735 ;Septiembre;2025
San José de Ocoa; 89,313,141 ; 60,545,364 ;Septiembre;2025
Bonao; 14,269,524 ; 18,767,187 ;Septiembre;2025
San Cristóbal; 15,792,774 ; 4,974,683 ;Septiembre;2025
Salcedo; 47,670,605 ; 162,688,015 ;Septiembre;2025
Cotuí; 40,758,328 ; 48,303,389 ;Septiembre;2025
Santo Domingo; 222,283,253 ; 263,106,321 ;Octubre ;2025
El Seibo; 32,555,003 ; 25,822,412 ;Octubre;2025
Higüey; 16,413,678 ; 44,445,400 ;Octubre;2025
Hato Mayor; 13,360,303 ; 31,124,664 ;Octubre;2025
Monte Plata; 23,435,876 ; 28,793,312 ;Octubre;2025
Azua; 15,128,980 ; 17,772,450 ;Octubre;2025
Baní; 144,374,605 ; 129,434,455 ;Octubre;2025
Neyba; 6,764,342 ; 11,190,286 ;Octubre;2025
Barahona; 7,999,765 ; 14,326,035 ;Octubre;2025
San Juan de la Maguana ; 45,680,639 ; 36,268,881 ;Octubre;2025
Comendador; 7,446,739 ; 18,396,019 ;Octubre;2025
Nagua; 18,460,121 ; 29,915,924 ;Octubre;2025
Arenoso; 12,973,506 ; 33,125,177 ;Octubre;2025
Samaná; 21,627,924 ; 15,372,026 ;Octubre;2025
Río San Juan; 24,626,855 ; 36,272,933 ;Octubre;2025
Villa Riva; 10,283,127 ; 17,546,208 ;Octubre;2025
San Francisco de Macorís; 89,970,471 ; 122,249,358 ;Octubre;2025
Santiago; 122,784,832 ; 81,397,126 ;Octubre;2025
Moca; 100,484,137 ; 110,946,262 ;Octubre;2025
San José de las Matas; 20,191,850 ; 15,271,277 ;Octubre;2025
Constanza; 63,030,101 ; 76,633,982 ;Octubre;2025
La Vega; 80,848,155 ; 95,641,907 ;Octubre;2025
Santiago Rodríguez; 25,623,196 ; 29,419,636 ;Octubre;2025
Montecristi; 31,614,641 ; 54,610,646 ;Octubre;2025
Puerto Plata; 50,117,159 ; 40,648,771 ;Octubre;2025
Mao Valverde ; 51,039,476 ; 92,967,386 ;Octubre;2025
Dajabón; 18,684,924 ; 28,401,726 ;Octubre;2025
San José de Ocoa; 94,746,558 ; 140,993,740 ;Octubre;2025
Bonao; 64,070,499 ; 43,735,871 ;Octubre;2025
San Cristóbal; 10,561,883 ; 7,891,574 ;Octubre;2025
Salcedo; 10,402,576 ; 30,406,990 ;Octubre;2025
Cotuí; 39,859,474 ; 55,854,868 ;Octubre;2025
Santo Domingo; 234,286,443 ; 185,353,353 ;Noviembre;2025
El Seibo; 12,393,692 ; 27,296,023 ;Noviembre;2025
Higüey; 32,647,924 ; 37,390,188 ;Noviembre;2025
Hato Mayor; 14,851,822 ; 24,818,638 ;Noviembre;2025
Monte Plata; 27,867,125 ; 67,580,381 ;Noviembre;2025
Azua; 26,820,303 ; 21,124,059 ;Noviembre;2025
Baní; 28,759,185 ; 17,534,339 ;Noviembre;2025
Neyba; 12,820,029 ; 9,368,241 ;Noviembre;2025
Barahona; 8,623,606 ; 12,084,296 ;Noviembre;2025
San Juan de la Maguana ; 96,619,055 ; 40,745,280 ;Noviembre;2025
Comendador; 14,963,249 ; 16,682,546 ;Noviembre;2025
Nagua; 23,205,278 ; 78,408,490 ;Noviembre;2025
Arenoso; 56,362,879 ; 69,944,608 ;Noviembre;2025
Samaná; 21,995,380 ; 19,535,183 ;Noviembre;2025
Río San Juan; 40,861,091 ; 53,757,792 ;Noviembre;2025
Villa Riva; 54,060,088 ; 46,180,193 ;Noviembre;2025
San Francisco de Macorís; 72,332,524 ; 79,944,349 ;Noviembre;2025
Santiago; 124,382,164 ; 53,087,192 ;Noviembre;2025
Moca; 66,117,761 ; 69,595,774 ;Noviembre;2025
San José de las Matas; 17,301,104 ; 13,645,243 ;Noviembre;2025
Constanza; 38,749,455 ; 59,679,978 ;Noviembre;2025
La Vega; 79,943,682 ; 166,094,213 ;Noviembre;2025
Santiago Rodríguez; 32,990,784 ; 20,922,636 ;Noviembre;2025
Montecristi; 95,310,059 ; 36,068,963 ;Noviembre;2025
Puerto Plata; 44,986,072 ; 28,564,389 ;Noviembre;2025
Mao Valverde ; 105,715,117 ; 206,117,734 ;Noviembre;2025
Dajabón; 18,052,303 ; 21,003,071 ;Noviembre;2025
San José de Ocoa; 96,963,491 ; 97,081,432 ;Noviembre;2025
Bonao; 60,860,490 ; 66,163,057 ;Noviembre;2025
San Cristóbal; 7,837,457 ; 8,207,880 ;Noviembre;2025
Salcedo; 21,559,846 ; 10,299,527 ;Noviembre;2025
Cotuí; 116,117,501 ; 104,012,282 ;Noviembre;2025
Santo Domingo; 393,617,155 ; 142,527,915 ;Diciembre;2025
El Seibo; 24,170,470 ; 38,860,153 ;Diciembre;2025
Higüey; 38,890,466 ; 49,135,989 ;Diciembre;2025
Hato Mayor; 48,507,325 ; 75,703,869 ;Diciembre;2025
Monte Plata; 56,090,250 ; 38,900,761 ;Diciembre;2025
Azua; 80,669,827 ; 59,135,778 ;Diciembre;2025
Baní; 464,728,531 ; 114,486,494 ;Diciembre;2025
Neyba; 25,368,062 ; 17,548,489 ;Diciembre;2025
Barahona; 35,823,074 ; 19,066,509 ;Diciembre;2025
San Juan de la Maguana ; 116,844,182 ; 62,763,947 ;Diciembre;2025
Comendador; 25,082,831 ; 18,946,007 ;Diciembre;2025
Nagua; 105,505,160 ; 61,318,024 ;Diciembre;2025
Arenoso; 161,814,271 ; 47,395,977 ;Diciembre;2025
Samaná; 42,023,979 ; 31,139,634 ;Diciembre;2025
Río San Juan; 48,858,038 ; 39,647,307 ;Diciembre;2025
Villa Riva; 143,007,485 ; 36,701,973 ;Diciembre;2025
San Francisco de Macorís; 182,016,546 ; 121,278,696 ;Diciembre;2025
Santiago; 170,922,831 ; 116,198,333 ;Diciembre;2025
Moca; 230,927,970 ; 94,066,181 ;Diciembre;2025
San José de las Matas; 46,544,978 ; 23,438,434 ;Diciembre;2025
Constanza; 164,931,656 ; 122,040,821 ;Diciembre;2025
La Vega; 172,768,286 ; 245,028,631 ;Diciembre;2025
Santiago Rodríguez; 64,806,832 ; 30,761,633 ;Diciembre;2025
Montecristi; 140,119,304 ; 66,352,028 ;Diciembre;2025
Puerto Plata; 86,113,053 ; 40,169,763 ;Diciembre;2025
Mao Valverde ; 187,957,008 ; 219,077,602 ;Diciembre;2025
Dajabón; 146,434,242 ; 61,512,776 ;Diciembre;2025
San José de Ocoa; 139,135,154 ; 85,658,776 ;Diciembre;2025
Bonao; 45,760,661 ; 68,851,311 ;Diciembre;2025
San Cristóbal; 69,831,722 ; 18,435,210 ;Diciembre;2025
Salcedo; 41,100,858 ; 13,569,520 ;Diciembre;2025
Cotuí; 163,693,520 ; 102,439,797 ;Diciembre;2025
Santo Domingo; 94,351,587 ; 361,817,830 ;Enero ;2026
El Seibo; 32,791,921 ; 18,750,337 ;Enero ;2026
Higüey; 5,635,454 ; 26,124,748 ;Enero;2026
Hato Mayor; 31,025,047 ; 23,909,419 ;Enero;2026
Monte Plata; 36,048,912 ; 46,881,381 ;Enero;2026
Azua; 34,208,799 ; 32,606,295 ;Enero;2026
Baní; 53,761,375 ; 43,233,880 ;Enero;2026
Neyba; 15,070,943 ; 21,993,381 ;Enero;2026
Barahona; 18,319,482 ; 21,529,469 ;Enero;2026
San Juan de la Maguana ; 29,594,710 ; 33,629,861 ;Enero;2026
Comendador; 12,602,169 ; 34,307,234 ;Enero;2026
Nagua; 45,940,357 ; 49,306,542 ;Enero;2026
Arenoso; 81,303,883 ; 33,864,100 ;Enero;2026
Samaná; 23,139,381 ; 18,355,203 ;Enero;2026
Río San Juan; 35,535,516 ; 18,067,966 ;Enero;2026
Villa Riva; 12,428,537 ; 20,623,894 ;Enero;2026
San Francisco de Macorís; 260,933,663 ; 387,990,824 ;Enero;2026
Santiago; 202,773,719 ; 197,378,966 ;Enero;2026
Moca; 35,368,606 ; 42,174,142 ;Enero;2026
San José de las Matas; 43,508,643 ; 19,393,694 ;Enero;2026
Constanza; 50,839,402 ; 58,982,308 ;Enero;2026
La Vega; 256,407,712 ; 205,800,057 ;Enero;2026
Santiago Rodríguez; 50,123,505 ; 42,216,945 ;Enero;2026
Montecristi; 50,293,115 ; 49,415,729 ;Enero;2026
Puerto Plata; 42,709,313 ; 55,734,223 ;Enero;2026
Mao Valverde ; 42,791,029 ; 84,740,419 ;Enero;2026
Dajabón; 31,120,989 ; 31,588,900 ;Enero;2026
San José de Ocoa; 78,538,342 ; 57,389,872 ;Enero;2026
Bonao; 17,909,543 ; 28,164,955 ;Enero;2026
San Cristóbal; 66,162,960 ; 22,551,321 ;Enero;2026
Salcedo; 25,067,390 ; 33,578,737 ;Enero;2026
Cotuí; 92,282,274 ; 52,743,123 ;Enero;2026
Santo Domingo; 164,135,733 ; 217,193,874 ;Febrero;2026
El Seibo; 11,981,371 ; 11,574,929 ;Febrero;2026
Higüey; 34,622,219 ; 31,730,113 ;Febrero;2026
Hato Mayor; 36,835,297 ; 99,793,247 ;Febrero;2026
Monte Plata; 46,304,959 ; 66,001,161 ;Febrero;2026
Azua; 20,693,089 ; 35,887,059 ;Febrero;2026
Baní; 41,373,563 ; 31,280,249 ;Febrero;2026
Neyba; 16,449,023 ; 15,887,625 ;Febrero;2026
Barahona; 8,520,026 ; 10,178,063 ;Febrero;2026
San Juan de la Maguana ; 52,931,411 ; 60,165,374 ;Febrero;2026
Comendador; 15,625,938 ; 19,503,326 ;Febrero;2026
Nagua; 82,533,377 ; 58,306,483 ;Febrero;2026
Arenoso; 65,894,526 ; 28,372,005 ;Febrero;2026
Samaná; 22,801,119 ; 19,735,343 ;Febrero;2026
Río San Juan; 35,136,752 ; 21,659,804 ;Febrero;2026
Villa Riva; 25,290,130 ; 16,598,503 ;Febrero;2026
San Francisco de Macorís; 128,531,650 ; 92,624,358 ;Febrero;2026
Santiago; 86,214,120 ; 97,950,313 ;Febrero;2026
Moca; 80,315,645 ; 46,146,256 ;Febrero;2026
San José de las Matas; 34,385,984 ; 27,848,816 ;Febrero;2026
Constanza; 104,588,834 ; 90,674,755 ;Febrero;2026
La Vega; 87,006,880 ; 146,877,419 ;Febrero;2026
Santiago Rodríguez; 44,641,375 ; 26,585,364 ;Febrero;2026
Montecristi; 45,692,260 ; 72,124,579 ;Febrero;2026
Puerto Plata; 37,323,013 ; 40,575,331 ;Febrero;2026
Mao Valverde ; 60,672,721 ; 111,179,588 ;Febrero;2026
Dajabón; 16,489,416 ; 16,275,855 ;Febrero;2026
San José de Ocoa; 112,072,128 ; 117,045,440 ;Febrero;2026
Bonao; 7,598,643 ; 23,545,881 ;Febrero;2026
San Cristóbal; 27,630,622 ; 17,533,873 ;Febrero;2026
Salcedo; 34,779,611 ; 16,019,093 ;Febrero;2026
Cotuí; 64,765,704 ; 81,565,970 ;Febrero;2026
Santo Domingo; 331,430,215 ; 277,923,153 ;Marzo;2026
El Seibo; 14,790,047 ; 24,358,986 ;Marzo;2026
Higüey; 38,008,801 ; 45,837,367 ;Marzo;2026
Hato Mayor; 17,222,570 ; 27,446,010 ;Marzo;2026
Monte Plata; 40,669,478 ; 47,897,816 ;Marzo;2026
Azua; 32,490,266 ; 24,816,358 ;Marzo;2026
Baní; 71,145,331 ; 58,188,091 ;Marzo;2026
Neyba; 13,472,428 ; 14,435,969 ;Marzo;2026
Barahona; 9,808,260 ; 8,653,335 ;Marzo;2026
San Juan de la Maguana ; 43,566,866 ; 80,050,056 ;Marzo;2026
Comendador; 11,238,028 ; 17,436,785 ;Marzo;2026
Nagua; 17,954,641 ; 34,542,917 ;Marzo;2026
Arenoso; 27,789,150 ; 33,644,975 ;Marzo;2026
Samaná; 32,651,243 ; 19,784,366 ;Marzo;2026
Río San Juan; 29,514,006 ; 21,975,683 ;Marzo;2026
Villa Riva; 52,650,240 ; 36,534,660 ;Marzo;2026
San Francisco de Macorís; 92,828,836 ; 105,963,910 ;Marzo;2026
Santiago; 207,287,410 ; 143,161,800 ;Marzo;2026
Moca; 89,574,550 ; 57,361,419 ;Marzo;2026
San José de las Matas; 25,186,201 ; 24,510,590 ;Marzo;2026
Constanza; 204,809,350 ; 134,582,324 ;Marzo;2026
La Vega; 96,825,905 ; 117,414,032 ;Marzo;2026
Santiago Rodríguez; 64,069,447 ; 38,206,487 ;Marzo;2026
Montecristi; 129,626,915 ; 129,434,031 ;Marzo;2026
Puerto Plata; 52,418,994 ; 40,899,498 ;Marzo;2026
Mao Valverde ; 137,812,824 ; 144,349,858 ;Marzo;2026
Dajabón; 13,902,847 ; 34,525,320 ;Marzo;2026
San José de Ocoa; 32,002,333 ; 75,799,933 ;Marzo;2026
Bonao; 91,599,550 ; 82,025,668 ;Marzo;2026
San Cristóbal; 27,402,500 ; 29,442,681 ;Marzo;2026
Salcedo; 20,057,468 ; 18,654,433 ;Marzo;2026
Cotuí; 63,584,916 ; 104,034,898 ;Marzo;2026
